[
  {
    "output": "planks_oak",
    "count": 4,
    "grid": [["log_oak"]]
  },
  {
    "output": "crafting_table",
    "count": 1,
    "grid": [
      ["planks_oak", "planks_oak"],
      ["planks_oak", "planks_oak"]
    ]
  },
  {
    "output": "furnace",
    "count": 1,
    "grid": [
      ["cobblestone", "cobblestone", "cobblestone"],
      ["cobblestone", null, "cobblestone"],
      ["cobblestone", "cobblestone", "cobblestone"]
    ]
  },
  {
    "output": "stick",
    "count": 4,
    "grid": [["planks_oak"], ["planks_oak"]]
  },
  {
    "output": "sign",
    "count": 1,
    "grid": [
      ["planks_oak", "planks_oak", "planks_oak"],
      ["planks_oak", "planks_oak", "planks_oak"],
      [null, "stick", null]
    ]
  },
  {
    "output": "wood_sword",
    "count": 1,
    "grid": [["planks_oak"], ["planks_oak"], ["stick"]]
  },
  {
    "output": "stone_sword",
    "count": 1,
    "grid": [["cobblestone"], ["cobblestone"], ["stick"]]
  },
  {
    "output": "iron_sword",
    "count": 1,
    "grid": [["iron_ingot"], ["iron_ingot"], ["stick"]]
  },
  {
    "output": "gold_sword",
    "count": 1,
    "grid": [["gold_ingot"], ["gold_ingot"], ["stick"]]
  },
  {
    "output": "diamond_sword",
    "count": 1,
    "grid": [["diamond"], ["diamond"], ["stick"]]
  },
  {
    "output": "wood_pickaxe",
    "count": 1,
    "grid": [
      ["planks_oak", "planks_oak", "planks_oak"],
      [null, "stick", null],
      [null, "stick", null]
    ]
  },
  {
    "output": "stone_pickaxe",
    "count": 1,
    "grid": [
      ["cobblestone", "cobblestone", "cobblestone"],
      [null, "stick", null],
      [null, "stick", null]
    ]
  },
  {
    "output": "iron_pickaxe",
    "count": 1,
    "grid": [
      ["iron_ingot", "iron_ingot", "iron_ingot"],
      [null, "stick", null],
      [null, "stick", null]
    ]
  },
  {
    "output": "gold_pickaxe",
    "count": 1,
    "grid": [
      ["gold_ingot", "gold_ingot", "gold_ingot"],
      [null, "stick", null],
      [null, "stick", null]
    ]
  },
  {
    "output": "diamond_pickaxe",
    "count": 1,
    "grid": [
      ["diamond", "diamond", "diamond"],
      [null, "stick", null],
      [null, "stick", null]
    ]
  },
  {
    "output": "wood_axe",
    "count": 1,
    "mirrored": true,
    "grid": [
      ["planks_oak", "planks_oak"],
      ["stick", "planks_oak"],
      ["stick", null]
    ]
  },
  {
    "output": "stone_axe",
    "count": 1,
    "mirrored": true,
    "grid": [
      ["cobblestone", "cobblestone"],
      ["stick", "cobblestone"],
      ["stick", null]
    ]
  },
  {
    "output": "iron_axe",
    "count": 1,
    "mirrored": true,
    "grid": [
      ["iron_ingot", "iron_ingot"],
      ["stick", "iron_ingot"],
      ["stick", null]
    ]
  },
  {
    "output": "gold_axe",
    "count": 1,
    "mirrored": true,
    "grid": [
      ["gold_axe", "gold_axe"],
      ["stick", "gold_axe"],
      ["stick", null]
    ]
  },
  {
    "output": "diamond_axe",
    "count": 1,
    "mirrored": true,
    "grid": [
      ["diamond", "diamond"],
      ["stick", "diamond"],
      ["stick", null]
    ]
  },
  {
    "output": "wood_shovel",
    "count": 1,
    "grid": [["planks_oak"], ["stick"], ["stick"]]
  },
  {
    "output": "stone_shovel",
    "count": 1,
    "grid": [["cobblestone"], ["stick"], ["stick"]]
  },
  {
    "output": "iron_shovel",
    "count": 1,
    "grid": [["iron_ingot"], ["stick"], ["stick"]]
  },
  {
    "output": "gold_shovel",
    "count": 1,
    "grid": [["gold_ingot"], ["stick"], ["stick"]]
  },
  {
    "output": "diamond_shovel",
    "count": 1,
    "grid": [["diamond"], ["stick"], ["stick"]]
  },
  {
    "output": "flint_and_steel",
    "count": 1,
    "shapeless": true,
    "grid": ["flint", "iron_ingot"]
  },
  {
    "output": "snow",
    "count": 1,
    "grid": [
      ["snowball", "snowball"],
      ["snowball", "snowball"]
    ]
  },
  {
    "output": "wool_colored_white",
    "count": 1,
    "grid": [
      ["string", "string"],
      ["string", "string"]
    ]
  },
  {
    "output": "leather_helmet",
    "count": 1,
    "grid": [
      ["leather", "leather", "leather"],
      ["leather", null, "leather"]
    ]
  },
  {
    "output": "leather_chestplate",
    "count": 1,
    "grid": [
      ["leather", null, "leather"],
      ["leather", "leather", "leather"],
      ["leather", "leather", "leather"]
    ]
  },
  {
    "output": "leather_leggings",
    "count": 1,
    "grid": [
      ["leather", "leather", "leather"],
      ["leather", null, "leather"],
      ["leather", null, "leather"]
    ]
  },
  {
    "output": "leather_boots",
    "count": 1,
    "grid": [
      ["leather", null, "leather"],
      ["leather", null, "leather"]
    ]
  },
  {
    "output": "gold_helmet",
    "count": 1,
    "grid": [
      ["gold_ingot", "gold_ingot", "gold_ingot"],
      ["gold_ingot", null, "gold_ingot"]
    ]
  },
  {
    "output": "gold_chestplate",
    "count": 1,
    "grid": [
      ["gold_ingot", null, "gold_ingot"],
      ["gold_ingot", "gold_ingot", "gold_ingot"],
      ["gold_ingot", "gold_ingot", "gold_ingot"]
    ]
  },
  {
    "output": "gold_leggings",
    "count": 1,
    "grid": [
      ["gold_ingot", "gold_ingot", "gold_ingot"],
      ["gold_ingot", null, "gold_ingot"],
      ["gold_ingot", null, "gold_ingot"]
    ]
  },
  {
    "output": "gold_boots",
    "count": 1,
    "grid": [
      ["gold_ingot", null, "gold_ingot"],
      ["gold_ingot", null, "gold_ingot"]
    ]
  },
  {
    "output": "iron_helmet",
    "count": 1,
    "grid": [
      ["iron_ingot", "iron_ingot", "iron_ingot"],
      ["iron_ingot", null, "iron_ingot"]
    ]
  },
  {
    "output": "iron_chestplate",
    "count": 1,
    "grid": [
      ["iron_ingot", null, "iron_ingot"],
      ["iron_ingot", "iron_ingot", "iron_ingot"],
      ["iron_ingot", "iron_ingot", "iron_ingot"]
    ]
  },
  {
    "output": "iron_leggings",
    "count": 1,
    "grid": [
      ["iron_ingot", "iron_ingot", "iron_ingot"],
      ["iron_ingot", null, "iron_ingot"],
      ["iron_ingot", null, "iron_ingot"]
    ]
  },
  {
    "output": "iron_boots",
    "count": 1,
    "grid": [
      ["iron_ingot", null, "iron_ingot"],
      ["iron_ingot", null, "iron_ingot"]
    ]
  },
  {
    "output": "diamond_helmet",
    "count": 1,
    "grid": [
      ["diamond", "diamond", "diamond"],
      ["diamond", null, "diamond"]
    ]
  },
  {
    "output": "diamond_chestplate",
    "count": 1,
    "grid": [
      ["diamond", null, "diamond"],
      ["diamond", "diamond", "diamond"],
      ["diamond", "diamond", "diamond"]
    ]
  },
  {
    "output": "diamond_leggings",
    "count": 1,
    "grid": [
      ["diamond", "diamond", "diamond"],
      ["diamond", null, "diamond"],
      ["diamond", null, "diamond"]
    ]
  },
  {
    "output": "diamond_boots",
    "count": 1,
    "grid": [
      ["diamond", null, "diamond"],
      ["diamond", null, "diamond"]
    ]
  },
  {
    "output": "gold_nugget",
    "count": 9,
    "shapeless": true,
    "grid": ["gold_ingot"]
  },
  {
    "output": "gold_ingot",
    "count": 1,
    "grid": [
      ["gold_nugget", "gold_nugget", "gold_nugget"],
      ["gold_nugget", "gold_nugget", "gold_nugget"],
      ["gold_nugget", "gold_nugget", "gold_nugget"]
    ]
  },
  {
    "output": "gold_block",
    "count": 1,
    "grid": [
      ["gold_ingot", "gold_ingot", "gold_ingot"],
      ["gold_ingot", "gold_ingot", "gold_ingot"],
      ["gold_ingot", "gold_ingot", "gold_ingot"]
    ]
  },
  {
    "output": "iron_ingot",
    "count": 9,
    "shapeless": true,
    "grid": ["iron_block"]
  },
  {
    "output": "iron_block",
    "count": 1,
    "grid": [
      ["iron_ingot", "iron_ingot", "iron_ingot"],
      ["iron_ingot", "iron_ingot", "iron_ingot"],
      ["iron_ingot", "iron_ingot", "iron_ingot"]
    ]
  },
  {
    "output": "iron_ingot",
    "count": 9,
    "shapeless": true,
    "grid": ["iron_block"]
  },
  {
    "output": "diamond_block",
    "count": 1,
    "grid": [
      ["diamond", "diamond", "diamond"],
      ["diamond", "diamond", "diamond"],
      ["diamond", "diamond", "diamond"]
    ]
  },
  {
    "output": "diamond",
    "count": 9,
    "shapeless": true,
    "grid": ["diamond_block"]
  },
  {
    "output": "coal_block",
    "count": 1,
    "grid": [
      ["coal", "coal", "coal"],
      ["coal", "coal", "coal"],
      ["coal", "coal", "coal"]
    ]
  },
  {
    "output": "coal",
    "count": 9,
    "shapeless": true,
    "grid": ["coal_block"]
  }
]
